"Period";"Monthly Payment";"Computed Interest Due";"Principal Due";"Principal Balance"
"0";"0";"0";"0";"300000"
"1";"1610.4648690364193";"1250";"360.46486903641926";"299639.5351309636"
"2";"1610.4648690364193";"1248.4980630456703";"361.966805990749";"299277.5683249729"
"3";"1610.4648690364193";"1246.989868020697";"363.4750010157222";"298914.0933239572"
"4";"1610.4648690364193";"1245.4753888497944";"364.98948018662486";"298549.1038437706"
"5";"1610.4648690364193";"1243.954599349061";"366.51026968735823";"298182.59357408324"
"6";"1610.4648690364193";"1242.4274732253398";"368.0373958110795";"297814.5561782722"
"7";"1610.4648690364193";"1240.8939840761013";"369.5708849603179";"297444.9852933119"
"8";"1610.4648690364193";"1239.3541053888039";"371.1107636476154";"297073.8745296643"
"9";"1610.4648690364193";"1237.8078105402528";"372.6570584961664";"296701.21747116814"
"10";"1610.4648690364193";"1236.2550727965427";"374.2097962398766";"296327.0076749283"
"11";"1610.4648690364193";"1234.6958653121837";"375.7690037242355";"295951.2386712041"
"12";"1610.4648690364193";"1233.130161129986";"377.3347079064333";"295573.90396329766"
"13";"1610.4648690364193";"1231.5579331804183";"378.9069358560009";"295194.9970274417"
"14";"1610.4648690364193";"1229.9791542810271";"380.4857147553921";"294814.5113126863"
"15";"1610.4648690364193";"1228.393797136203";"382.07107190021634";"294432.4402407861"
"16";"1610.4648690364193";"1226.8018343365984";"383.66303469982086";"294048.7772060863"
"17";"1610.4648690364193";"1225.203238358663";"385.26163067775633";"293663.5155754086"
"18";"1610.4648690364193";"1223.5979815641767";"386.8668874722425";"293276.64868793637"
"19";"1610.4648690364193";"1221.986036199727";"388.47883283669216";"292888.1698550997"
"20";"1610.4648690364193";"1220.3673743962427";"390.0974946401766";"292498.07236045954"
"21";"1610.4648690364193";"1218.741968168586";"391.72290086783323";"292106.3494595917"
"22";"1610.4648690364193";"1217.1097894149716";"393.35507962144766";"291712.9943799703"
"23";"1610.4648690364193";"1215.4708099165582";"394.99405911986105";"291318.00032085046"
"24";"1610.4648690364193";"1213.825001336867";"396.63986769955227";"290921.36045315093"
"25";"1610.4648690364193";"1212.1723352214321";"398.2925338149871";"290523.06791933597"
"26";"1610.4648690364193";"1210.512782997219";"399.95208603920037";"290123.1158332968"
"27";"1610.4648690364193";"1208.8463159720413";"401.6185530643779";"289721.49728023243"
"28";"1610.4648690364193";"1207.1729053342715";"403.29196370214777";"289318.2053165303"
"29";"1610.4648690364193";"1205.492522152199";"404.9723468842203";"288913.2329696461"
"30";"1610.4648690364193";"1203.805137373507";"406.65973166291224";"288506.5732379832"
"31";"1610.4648690364193";"1202.1107218249235";"408.35414721149573";"288098.21909077174"
"32";"1610.4648690364193";"1200.4092462115223";"410.055622824897";"287688.16346794687"
"33";"1610.4648690364193";"1198.700681116432";"411.7641879199873";"287276.3992800269"
"34";"1610.4648690364193";"1196.9849970000796";"413.47987203633966";"286862.9194079906"
"35";"1610.4648690364193";"1195.2621641999576";"415.20270483646163";"286447.71670315415"
"36";"1610.4648690364193";"1193.532152929809";"416.9327161066103";"286030.78398704756"
"37";"1610.4648690364193";"1191.794933279336";"418.6699357570833";"285612.1140512905"
"38";"1610.4648690364193";"1190.050475213735";"420.41439382268436";"285191.69965746783"
"39";"1610.4648690364193";"1188.2987485727645";"422.1661204636548";"284769.5335370042"
"40";"1610.4648690364193";"1186.5397230708622";"423.925145965557";"284345.60839103867"
"41";"1610.4648690364193";"1184.7733682959806";"425.69150074043864";"283919.91689029825"
"42";"1610.4648690364193";"1182.9996537095867";"427.46521532683255";"283492.45167497144"
"43";"1610.4648690364193";"1181.218548645731";"429.2463203906882";"283063.2053545808"
"44";"1610.4648690364193";"1179.4300223107566";"431.03484672566265";"282632.17050785513"
"45";"1610.4648690364193";"1177.6340437827166";"432.83082525370264";"282199.33968260145"
"46";"1610.4648690364193";"1175.8305820108508";"434.6342870255685";"281764.7053955759"
"47";"1610.4648690364193";"1174.0196058148867";"436.4452632215325";"281328.2601323544"
"48";"1610.4648690364193";"1172.2010838848073";"438.26378515161196";"280889.9963472028"
"49";"1610.4648690364193";"1170.3749847800354";"440.0898842563838";"280449.90646294644"
"50";"1610.4648690364193";"1168.5412769289105";"441.92359210750874";"280007.98287083895"
"51";"1610.4648690364193";"1166.6999286285136";"443.76494040790567";"279564.21793043107"
"52";"1610.4648690364193";"1164.850908043445";"445.61396099297417";"279118.6039694381"
"53";"1610.4648690364193";"1162.9941832059994";"447.4706858304198";"278671.1332836077"
"54";"1610.4648690364193";"1161.1297220150009";"449.3351470214184";"278221.7981365863"
"55";"1610.4648690364193";"1159.2574922357453";"451.20737680067396";"277770.5907597857"
"56";"1610.4648690364193";"1157.377461499127";"453.08740753729217";"277317.5033522484"
"57";"1610.4648690364193";"1155.489597301057";"454.9752717353622";"276862.52808051306"
"58";"1610.4648690364193";"1153.5938670021133";"456.871002034306";"276405.6570784788"
"59";"1610.4648690364193";"1151.690237827017";"458.7746312094023";"275946.8824472694"
"60";"1610.4648690364193";"1149.7786768636433";"460.6861921727759";"275486.19625509664"
"61";"1610.4648690364193";"1147.8591510629049";"462.6057179735144";"275023.59053712315"
"62";"1610.4648690364193";"1145.9316272379947";"464.53324179842457";"274559.05729532475"
"63";"1610.4648690364193";"1143.9960720638628";"466.46879697255645";"274092.5884983522"
"64";"1610.4648690364193";"1142.0524520764593";"468.41241695995996";"273624.1760813923"
"65";"1610.4648690364193";"1140.1007336724433";"470.36413536397595";"273153.8119460283"
"66";"1610.4648690364193";"1138.1408831084264";"472.3239859279929";"272681.48796010035"
"67";"1610.4648690364193";"1136.1728665003902";"474.29200253602903";"272207.19595756434"
"68";"1610.4648690364193";"1134.1966498231632";"476.2682192132561";"271730.9277383511"
"69";"1610.4648690364193";"1132.2121989097795";"478.2526701266397";"271252.6750682245"
"70";"1610.4648690364193";"1130.219479450956";"480.2453895854633";"270772.42967863905"
"71";"1610.4648690364193";"1128.2184569943347";"482.24641204208456";"270290.183266597"
"72";"1610.4648690364193";"1126.2090969441342";"484.25577209228504";"269805.9274945047"
"73";"1610.4648690364193";"1124.191364560451";"486.27350447596837";"269319.6539900288"
"74";"1610.4648690364193";"1122.165224958444";"488.29964407797524";"268831.3543459508"
"75";"1610.4648690364193";"1120.130643108103";"490.3342259283163";"268341.0201200225"
"76";"1610.4648690364193";"1118.0875838334323";"492.37728520298697";"267848.64283481956"
"77";"1610.4648690364193";"1116.0360118117533";"494.428857224666";"267354.2139775949"
"78";"1610.4648690364193";"1113.9758915732964";"496.48897746312286";"266857.7250001318"
"79";"1610.4648690364193";"1111.9071875005611";"498.55768153585814";"266359.167318596"
"80";"1610.4648690364193";"1109.829863827501";"500.6350052089183";"265858.5323133871"
"81";"1610.4648690364193";"1107.743884639116";"502.72098439730325";"265355.8113289898"
"82";"1610.4648690364193";"1105.6492138708127";"504.8156551656066";"264850.9956738242"
"83";"1610.4648690364193";"1103.5458153075888";"506.9190537288305";"264344.0766200954"
"84";"1610.4648690364193";"1101.4336525837425";"509.03121645267674";"263835.04540364275"
"85";"1610.4648690364193";"1099.3126891818247";"511.1521798545946";"263323.8932237882"
"86";"1610.4648690364193";"1097.182888432464";"513.2819806039552";"262810.61124318425"
"87";"1610.4648690364193";"1095.0442135132616";"515.4206555231576";"262295.1905876611"
"88";"1610.4648690364193";"1092.8966274485865";"517.5682415878327";"261777.62234607327"
"89";"1610.4648690364193";"1090.740093108645";"519.7247759277743";"261257.8975701455"
"90";"1610.4648690364193";"1088.5745732089272";"521.8902958274921";"260736.007274318"
"91";"1610.4648690364193";"1086.4000303096545";"524.0648387267647";"260211.94243559122"
"92";"1610.4648690364193";"1084.2164268149645";"526.2484422214548";"259685.69399336976"
"93";"1610.4648690364193";"1082.0237249723577";"528.4411440640615";"259157.2528493057"
"94";"1610.4648690364193";"1079.821886872116";"530.6429821643032";"258626.60986714138"
"95";"1610.4648690364193";"1077.610874446429";"532.8539945899902";"258093.75587255138"
"96";"1610.4648690364193";"1075.3906494689581";"535.0742195674611";"257558.6816529839"
"97";"1610.4648690364193";"1073.1611735541082";"537.303695482311";"257021.3779575016"
"98";"1610.4648690364193";"1070.9224081562425";"539.5424608801768";"256481.8354966214"
"99";"1610.4648690364193";"1068.6743145692453";"541.7905544671739";"255940.04494215423"
"100";"1610.4648690364193";"1066.4168539256498";"544.0480151107695";"255395.99692704345"
"101";"1610.4648690364193";"1064.1499871959968";"546.3148818404225";"254849.68204520302"
"102";"1610.4648690364193";"1061.8736751883407";"548.5911938480785";"254301.09085135494"
"103";"1610.4648690364193";"1059.5878785473178";"550.8769904891014";"253750.21386086583"
"104";"1610.4648690364193";"1057.2925577535934";"553.1723112828258";"253197.041549583"
"105";"1610.4648690364193";"1054.9876731232507";"555.4771959131685";"252641.56435366982"
"106";"1610.4648690364193";"1052.6731848069467";"557.7916842294726";"252083.77266944034"
"107";"1610.4648690364193";"1050.34905278933";"560.1158162470892";"251523.65685319324"
"108";"1610.4648690364193";"1048.0152368883137";"562.4496321481056";"250961.20722104513"
"109";"1610.4648690364193";"1045.671696754347";"564.7931722820722";"250396.41404876305"
"110";"1610.4648690364193";"1043.3183918698342";"567.1464771665851";"249829.26757159646"
"111";"1610.4648690364193";"1040.9552815483185";"569.5095874881008";"249259.75798410835"
"112";"1610.4648690364193";"1038.5823249337845";"571.8825441026347";"248687.8754400057"
"113";"1610.4648690364193";"1036.1994810000178";"574.2653880364014";"248113.6100519693"
"114";"1610.4648690364193";"1033.806708549877";"576.6581604865423";"247536.95189148275"
"115";"1610.4648690364193";"1031.4039662145078";"579.0609028219114";"246957.89098866083"
"116";"1610.4648690364193";"1028.9912124527618";"581.4736565836574";"246376.41733207717"
"117";"1610.4648690364193";"1026.5684055503225";"583.8964634860968";"245792.52086859106"
"118";"1610.4648690364193";"1024.1355036191235";"586.3293654172958";"245206.19150317376"
"119";"1610.4648690364193";"1021.6924645965628";"588.7724044398565";"244617.4190987339"
"120";"1610.4648690364193";"1019.2392462447169";"591.2256227917023";"244026.1934759422"
"121";"1610.4648690364193";"1016.7758061497589";"593.6890628866604";"243432.50441305552"
"122";"1610.4648690364193";"1014.3021017210558";"596.1627673153635";"242836.34164574015"
"123";"1610.4648690364193";"1011.8180901905871";"598.6467788458322";"242237.6948668943"
"124";"1610.4648690364193";"1009.323728612042";"601.1411404243772";"241636.55372646992"
"125";"1610.4648690364193";"1006.818973860296";"603.6458951761233";"241032.9078312938"
"126";"1610.4648690364193";"1004.3037826303917";"606.1610864060276";"240426.74674488776"
"127";"1610.4648690364193";"1001.7781114370155";"608.6867575994038";"239818.05998728835"
"128";"1610.4648690364193";"999.2419166137115";"611.2229524227077";"239206.83703486563"
"129";"1610.4648690364193";"996.6951543119503";"613.7697147244689";"238593.06732014116"
"130";"1610.4648690364193";"994.1377805005759";"616.3270885358434";"237976.7402316053"
"131";"1610.4648690364193";"991.5697509650199";"618.8951180713993";"237357.8451135339"
"132";"1610.4648690364193";"988.9910213063995";"621.4738477300198";"236736.37126580387"
"133";"1610.4648690364193";"986.4015469408478";"624.0633220955715";"236112.3079437083"
"134";"1610.4648690364193";"983.8012830987864";"626.6635859376329";"235485.64435777065"
"135";"1610.4648690364193";"981.1901848240523";"629.274684212367";"234856.36967355828"
"136";"1610.4648690364193";"978.5682069731702";"631.8966620632491";"234224.47301149502"
"137";"1610.4648690364193";"975.9353042145667";"634.5295648218525";"233589.94344667316"
"138";"1610.4648690364193";"973.2914310278138";"637.1734380086054";"232952.77000866455"
"139";"1610.4648690364193";"970.6365417027555";"639.8283273336638";"232312.94168133088"
"140";"1610.4648690364193";"967.9705903388676";"642.4942786975516";"231670.44740263332"
"141";"1610.4648690364193";"965.2935308442975";"645.1713381921218";"231025.2760644412"
"142";"1610.4648690364193";"962.6053169351653";"647.8595521012539";"230377.41651233993"
"143";"1610.4648690364193";"959.9059021347493";"650.5589669016699";"229726.85754543825"
"144";"1610.4648690364193";"957.1952397726418";"653.2696292637775";"229073.58791617447"
"145";"1610.4648690364193";"954.4732829840505";"655.9915860523688";"228417.5963301221"
"146";"1610.4648690364193";"951.7399847088382";"658.7248843275811";"227758.8714457945"
"147";"1610.4648690364193";"948.9952976907953";"661.469571345624";"227097.40187444887"
"148";"1610.4648690364193";"946.2391744768538";"664.2256945595655";"226433.1761798893"
"149";"1610.4648690364193";"943.4715674162144";"666.9933016202049";"225766.1828782691"
"150";"1610.4648690364193";"940.692428659444";"669.7724403769753";"225096.4104378921"
"151";"1610.4648690364193";"937.9017101578938";"672.5631588785254";"224423.84727901357"
"152";"1610.4648690364193";"935.0993636625644";"675.3655053738548";"223748.4817736397"
"153";"1610.4648690364193";"932.2853407234943";"678.179528312925";"223070.30224532678"
"154";"1610.4648690364193";"929.4595926888578";"681.0052763475614";"222389.2969689792"
"155";"1610.4648690364193";"926.6220707040629";"683.8427983323563";"221705.45417064684"
"156";"1610.4648690364193";"923.7727257110237";"686.6921433253956";"221018.76202732144"
"157";"1610.4648690364193";"920.9115084471705";"689.5533605892488";"220329.2086667322"
"158";"1610.4648690364193";"918.0383694447228";"692.4264995916965";"219636.78216714048"
"159";"1610.4648690364193";"915.1532590297575";"695.3116100066618";"218941.4705571338"
"160";"1610.4648690364193";"912.2561273213942";"698.2087417150251";"218243.26181541878"
"161";"1610.4648690364193";"909.346924230922";"701.1179448054972";"217542.14387061328"
"162";"1610.4648690364193";"906.4255994608975";"704.0392695755218";"216838.10460103775"
"163";"1610.4648690364193";"903.4921025043295";"706.9727665320897";"216131.13183450565"
"164";"1610.4648690364193";"900.5463826437772";"709.9184863926421";"215421.213348113"
"165";"1610.4648690364193";"897.5883889504767";"712.8764800859426";"214708.33686802705"
"166";"1610.4648690364193";"894.618070283439";"715.8467987529802";"213992.49006927406"
"167";"1610.4648690364193";"891.6353752886353";"718.829493747784";"213273.66057552627"
"168";"1610.4648690364193";"888.640252398036";"721.8246166383833";"212551.83595888788"
"169";"1610.4648690364193";"885.632649828709";"724.8322192077103";"211827.00373968016"
"170";"1610.4648690364193";"882.6125155820046";"727.8523534544147";"211099.15138622574"
"171";"1610.4648690364193";"879.579797442595";"730.8850715938243";"210368.2663146319"
"172";"1610.4648690364193";"876.5344429776305";"733.9304260587887";"209634.3358885731"
"173";"1610.4648690364193";"873.4763995357207";"736.9884695006986";"208897.3474190724"
"174";"1610.4648690364193";"870.4056142461195";"740.0592547902997";"208157.2881642821"
"175";"1610.4648690364193";"867.3220340178523";"743.142835018567";"207414.14532926353"
"176";"1610.4648690364193";"864.2256055385806";"746.2392634978387";"206667.90606576568"
"177";"1610.4648690364193";"861.1162752740202";"749.3485937623991";"205918.55747200327"
"178";"1610.4648690364193";"857.9939894666895";"752.4708795697297";"205166.08659243354"
"179";"1610.4648690364193";"854.8586941351241";"755.6061749012952";"204410.48041753224"
"180";"1610.4648690364193";"851.7103350730613";"758.754533963358";"203651.72588356887"
"181";"1610.4648690364193";"848.5488578481891";"761.9160111882302";"202889.80987238063"
"182";"1610.4648690364193";"845.374207801593";"765.0906612348263";"202124.7192111458"
"183";"1610.4648690364193";"842.1863300464465";"768.2785389899727";"201356.44067215582"
"184";"1610.4648690364193";"838.9851694673125";"771.4796995691067";"200584.9609725867"
"185";"1610.4648690364193";"835.7706707190955";"774.6941983173238";"199810.26677426937"
"186";"1610.4648690364193";"832.5427782261104";"777.9220908103089";"199032.34468345906"
"187";"1610.4648690364193";"829.3014361810638";"781.1634328553555";"198251.1812506037"
"188";"1610.4648690364193";"826.0465885441808";"784.4182804922384";"197466.76297011145"
"189";"1610.4648690364193";"822.7781790421286";"787.6866899942906";"196679.07628011715"
"190";"1610.4648690364193";"819.4961511671427";"790.9687178692766";"195888.10756224787"
"191";"1610.4648690364193";"816.2004481760378";"794.2644208603815";"195093.84314138748"
"192";"1610.4648690364193";"812.8910130891018";"797.5738559473175";"194296.26928544015"
"193";"1610.4648690364193";"809.5677886893391";"800.8970803470802";"193495.37220509307"
"194";"1610.4648690364193";"806.230717521219";"804.2341515152002";"192691.13805357786"
"195";"1610.4648690364193";"802.8797418899194";"807.5851271464999";"191883.55292643135"
"196";"1610.4648690364193";"799.5148038601328";"810.9500651762864";"191072.60286125506"
"197";"1610.4648690364193";"796.1358452552231";"814.3290237811962";"190258.27383747385"
"198";"1610.4648690364193";"792.7428076561482";"817.722061380271";"189440.55177609358"
"199";"1610.4648690364193";"789.3356324003835";"821.1292366360358";"188619.42253945753"
"200";"1610.4648690364193";"785.9142605810775";"824.5506084553417";"187794.87193100218"
"201";"1610.4648690364193";"782.4786330458301";"827.9862359905892";"186966.8856950116"
"202";"1610.4648690364193";"779.0286903958768";"831.4361786405425";"186135.44951637104"
"203";"1610.4648690364193";"775.5643729848671";"834.9004960515522";"185300.54902031948"
"204";"1610.4648690364193";"772.085620917991";"838.3792481184282";"184462.16977220104"
"205";"1610.4648690364193";"768.5923740508442";"841.872494985575";"183620.29727721546"
"206";"1610.4648690364193";"765.0845719884092";"845.3802970480101";"182774.91698016744"
"207";"1610.4648690364193";"761.5621540840366";"848.9027149523827";"181926.01426521505"
"208";"1610.4648690364193";"758.0250594383979";"852.4398095980214";"181073.57445561702"
"209";"1610.4648690364193";"754.473226898408";"855.9916421380112";"180217.582813479"
"210";"1610.4648690364193";"750.906595056149";"859.5582739802703";"179358.02453949873"
"211";"1610.4648690364193";"747.325102247909";"863.1397667885103";"178494.8847727102"
"212";"1610.4648690364193";"743.7286865529604";"866.7361824834588";"177628.14859022675"
"213";"1610.4648690364193";"740.1172857925994";"870.3475832438198";"176757.80100698292"
"214";"1610.4648690364193";"736.4908375290979";"873.9740315073213";"175883.8269754756"
"215";"1610.4648690364193";"732.8492790644814";"877.6155899719379";"175006.21138550364"
"216";"1610.4648690364193";"729.1925474395975";"881.2723215968217";"174124.93906390682"
"217";"1610.4648690364193";"725.5205794329522";"884.944289603467";"173239.99477430334"
"218";"1610.4648690364193";"721.8333115596033";"888.6315574768159";"172351.36321682652"
"219";"1610.4648690364193";"718.1306800701132";"892.3341889663061";"171459.0290278602"
"220";"1610.4648690364193";"714.4126209494134";"896.0522480870059";"170562.9767797732"
"221";"1610.4648690364193";"710.6790699157282";"899.7857991206911";"169663.1909806525"
"222";"1610.4648690364193";"706.9299624193809";"903.5349066170384";"168759.65607403545"
"223";"1610.4648690364193";"703.1652336418047";"907.2996353946146";"167852.35643864083"
"224";"1610.4648690364193";"699.3848184943199";"911.0800505420993";"166941.27638809872"
"225";"1610.4648690364193";"695.5886516170867";"914.8762174193325";"166026.40017067938"
"226";"1610.4648690364193";"691.7766673778242";"918.6882016585951";"165107.71196902078"
"227";"1610.4648690364193";"687.9487998709083";"922.516069165511";"164185.19589985526"
"228";"1610.4648690364193";"684.104982916062";"926.3598861203573";"163258.8360137349"
"229";"1610.4648690364193";"680.2451500572206";"930.2197189791987";"162328.6162947557"
"230";"1610.4648690364193";"676.3692345614836";"934.0956344749357";"161394.52066028074"
"231";"1610.4648690364193";"672.4771694178344";"937.9876996185849";"160456.53296066215"
"232";"1610.4648690364193";"668.5688873360923";"941.895981700327";"159514.63697896182"
"233";"1610.4648690364193";"664.6443207456614";"945.8205482907579";"158568.81643067105"
"234";"1610.4648690364193";"660.7034017944534";"949.7614672419659";"157619.05496342908"
"235";"1610.4648690364193";"656.7460623476072";"953.718806688812";"156665.33615674026"
"236";"1610.4648690364193";"652.7722339864122";"957.6926350500071";"155707.64352169025"
"237";"1610.4648690364193";"648.7818480070273";"961.683021029392";"154745.96050066085"
"238";"1610.4648690364193";"644.7748354194046";"965.6900336170147";"153780.27046704383"
"239";"1610.4648690364193";"640.7511269460083";"969.713742090411";"152810.5567249534"
"240";"1610.4648690364193";"636.7106530206511";"973.7542160157682";"151836.80250893763"
"241";"1610.4648690364193";"632.6533437872422";"977.8115252491771";"150858.99098368845"
"242";"1610.4648690364193";"628.5791290987108";"981.8857399377084";"149877.10524375073"
"243";"1610.4648690364193";"624.4879385156382";"985.976930520781";"148891.12831322994"
"244";"1610.4648690364193";"620.3797013051226";"990.0851677312967";"147901.04314549864"
"245";"1610.4648690364193";"616.2543464395858";"994.2105225968335";"146906.8326229018"
"246";"1610.4648690364193";"612.1118025954347";"998.3530664409845";"145908.4795564608"
"247";"1610.4648690364193";"607.9519981519261";"1002.5128708844932";"144905.9666855763"
"248";"1610.4648690364193";"603.774861189886";"1006.6900078465333";"143899.27667772977"
"249";"1610.4648690364193";"599.5803194905457";"1010.8845495458736";"142888.39212818388"
"250";"1610.4648690364193";"595.3683005340863";"1015.096568502333";"141873.29555968154"
"251";"1610.4648690364193";"591.1387314986787";"1019.3261375377406";"140853.9694221438"
"252";"1610.4648690364193";"586.8915392589406";"1023.5733297774786";"139830.3960923663"
"253";"1610.4648690364193";"582.6266503848601";"1027.8382186515591";"138802.55787371474"
"254";"1610.4648690364193";"578.3439911404857";"1032.1208778959335";"137770.4369958188"
"255";"1610.4648690364193";"574.0434874825878";"1036.4213815538315";"136734.01561426496"
"256";"1610.4648690364193";"569.725065059436";"1040.7398039769832";"135693.27581028797"
"257";"1610.4648690364193";"565.3886492095189";"1045.0762198269003";"134648.19959046107"
"258";"1610.4648690364193";"561.0341649602633";"1049.430704076156";"133598.7688863849"
"259";"1610.4648690364193";"556.6615370266081";"1053.8033320098111";"132544.96555437509"
"260";"1610.4648690364193";"552.2706898098986";"1058.1941792265206";"131486.77137514856"
"261";"1610.4648690364193";"547.8615473964455";"1062.6033216399737";"130424.16805350859"
"262";"1610.4648690364193";"543.4340335562883";"1067.030835480131";"129357.13721802845"
"263";"1610.4648690364193";"538.9880717417836";"1071.4767972946356";"128285.66042073382"
"264";"1610.4648690364193";"534.5235850863828";"1075.9412839500364";"127209.7191367838"
"265";"1610.4648690364193";"530.0404964032641";"1080.4243726331551";"126129.29476415063"
"266";"1610.4648690364193";"525.5387281839648";"1084.9261408524544";"125044.36862329819"
"267";"1610.4648690364193";"521.0182025970716";"1089.4466664393476";"123954.92195685883"
"268";"1610.4648690364193";"516.4788414869108";"1093.9860275495084";"122860.93592930931"
"269";"1610.4648690364193";"511.92056637212227";"1098.544302664297";"121762.39162664503"
"270";"1610.4648690364193";"507.3432984443498";"1103.1215705920695";"120659.27005605295"
"271";"1610.4648690364193";"502.74695856688777";"1107.7179104695315";"119551.55214558341"
"272";"1610.4648690364193";"498.13146727326966";"1112.3334017631496";"118439.21874382027"
"273";"1610.4648690364193";"493.4967447659146";"1116.9681242705046";"117322.25061954977"
"274";"1610.4648690364193";"488.84271091478877";"1121.6221581216305";"116200.62846142813"
"275";"1610.4648690364193";"484.16928525594994";"1126.2955837804693";"115074.33287764766"
"276";"1610.4648690364193";"479.47638699019444";"1130.9884820462248";"113943.34439560142"
"277";"1610.4648690364193";"474.76393498167454";"1135.7009340547447";"112807.64346154669"
"278";"1610.4648690364193";"470.0318477564433";"1140.433021279976";"111667.2104402667"
"279";"1610.4648690364193";"465.28004350111587";"1145.1848255353034";"110522.02561473139"
"280";"1610.4648690364193";"460.50844006138504";"1149.9564289750342";"109372.06918575635"
"281";"1610.4648690364193";"455.7169549406535";"1154.7479140957657";"108217.32127166059"
"282";"1610.4648690364193";"450.90550529857865";"1159.5593637378406";"107057.76190792274"
"283";"1610.4648690364193";"446.07400794967543";"1164.3908610867438";"105893.371046836"
"284";"1610.4648690364193";"441.22237936181773";"1169.2424896746015";"104724.1285571614"
"285";"1610.4648690364193";"436.3505356548412";"1174.114333381578";"103550.01422377981"
"286";"1610.4648690364193";"431.45839259908826";"1179.006476437331";"102371.00774734249"
"287";"1610.4648690364193";"426.5458656139235";"1183.9190034224957";"101187.08874392"
"288";"1610.4648690364193";"421.6128697663371";"1188.8519992700822";"99998.23674464991"
"289";"1610.4648690364193";"416.6593197693728";"1193.8055492670464";"98804.43119538287"
"290";"1610.4648690364193";"411.6851299807604";"1198.7797390556589";"97605.6514563272"
"291";"1610.4648690364193";"406.6902144013584";"1203.7746546350609";"96401.87680169215"
"292";"1610.4648690364193";"401.67448667371355";"1208.7903823627057";"95193.08641932945"
"293";"1610.4648690364193";"396.63786008053285";"1213.8270089558864";"93979.25941037358"
"294";"1610.4648690364193";"391.5802475432283";"1218.884621493191";"92760.37478888038"
"295";"1610.4648690364193";"386.5015616203309";"1223.9633074160884";"91536.41148146428"
"296";"1610.4648690364193";"381.4017145060934";"1229.0631545303258";"90307.34832693395"
"297";"1610.4648690364193";"376.2806180288899";"1234.1842510075294";"89073.16407592641"
"298";"1610.4648690364193";"371.13818364968756";"1239.3266853867317";"87833.83739053967"
"299";"1610.4648690364193";"365.97432246057724";"1244.490546575842";"86589.34684396384"
"300";"1610.4648690364193";"360.788945183187";"1249.6759238532322";"85339.6709201106"
"301";"1610.4648690364193";"355.5819621671253";"1254.882906869294";"84084.78801324131"
"302";"1610.4648690364193";"350.35328338851104";"1260.1115856479082";"82824.6764275934"
"303";"1610.4648690364193";"345.10281844830024";"1265.362050588119";"81559.31437700527"
"304";"1610.4648690364193";"339.8304765708599";"1270.6343924655594";"80288.67998453972"
"305";"1610.4648690364193";"334.5361666022509";"1275.9287024341684";"79012.75128210554"
"306";"1610.4648690364193";"329.21979700877273";"1281.2450720276465";"77731.5062100779"
"307";"1610.4648690364193";"323.88127587531926";"1286.5835931611";"76444.9226169168"
"308";"1610.4648690364193";"318.52051090382156";"1291.9443581325977";"75152.97825878419"
"309";"1610.4648690364193";"313.1374094116036";"1297.3274596248157";"73855.65079915937"
"310";"1610.4648690364193";"307.7318783298251";"1302.7329907065941";"72552.91780845277"
"311";"1610.4648690364193";"302.30382420188107";"1308.1610448345382";"71244.75676361824"
"312";"1610.4648690364193";"296.8531531817425";"1313.6117158546767";"69931.14504776357"
"313";"1610.4648690364193";"291.3797710323415";"1319.0850980040777";"68612.05994975948"
"314";"1610.4648690364193";"285.8835831239994";"1324.5812859124198";"67287.47866384705"
"315";"1610.4648690364193";"280.3644944326952";"1330.100374603724";"65957.37828924332"
"316";"1610.4648690364193";"274.8224095385085";"1335.6424594979107";"64621.73582974541"
"317";"1610.4648690364193";"269.25723262393876";"1341.2076364124805";"63280.52819333293"
"318";"1610.4648690364193";"263.66886747221724";"1346.796001564202";"61933.73219176873"
"319";"1610.4648690364193";"258.05721746569907";"1352.4076515707202";"60581.32454019801"
"320";"1610.4648690364193";"252.42218558416062";"1358.0426834522586";"59223.28185674575"
"321";"1610.4648690364193";"246.76367440310423";"1363.701194633315";"57859.580662112436"
"322";"1610.4648690364193";"241.0815860921357";"1369.3832829442836";"56490.19737916815"
"323";"1610.4648690364193";"235.37582241320342";"1375.0890466232158";"55115.108332544936"
"324";"1610.4648690364193";"229.64628471893957";"1380.8185843174797";"53734.28974822746"
"325";"1610.4648690364193";"223.89287395095016";"1386.571995085469";"52347.71775314199"
"326";"1610.4648690364193";"218.1154906380907";"1392.3493783983286";"50955.36837474366"
"327";"1610.4648690364193";"212.3140348947636";"1398.1508341416557";"49557.217540602"
"328";"1610.4648690364193";"206.48840641917195";"1403.9764626172473";"48153.241077984756"
"329";"1610.4648690364193";"200.63850449160236";"1409.826364544817";"46743.41471343994"
"330";"1610.4648690364193";"194.76422797266423";"1415.700641063755";"45327.714072376184"
"331";"1610.4648690364193";"188.8654753015653";"1421.599393734854";"43906.11467864133"
"332";"1610.4648690364193";"182.9421444943364";"1427.5227245420829";"42478.59195409925"
"333";"1610.4648690364193";"176.99413314207777";"1433.4707358943415";"41045.121218204906"
"334";"1610.4648690364193";"171.02133840918395";"1439.4435306272353";"39605.67768757767"
"335";"1610.4648690364193";"165.02365703157557";"1445.4412120048437";"38160.23647557283"
"336";"1610.4648690364193";"159.00098531488766";"1451.4638837215316";"36708.772591851295"
"337";"1610.4648690364193";"152.95321913271619";"1457.511649903703";"35251.26094194759"
"338";"1610.4648690364193";"146.88025392478448";"1463.5846151116348";"33787.67632683596"
"339";"1610.4648690364193";"140.7819846951461";"1469.6828843412732";"32317.993442494684"
"340";"1610.4648690364193";"134.65830601039488";"1475.8065630260244";"30842.18687946866"
"341";"1610.4648690364193";"128.5091119977842";"1481.955757038635";"29360.231122430025"
"342";"1610.4648690364193";"122.33429634345885";"1488.1305726929604";"27872.100549737064"
"343";"1610.4648690364193";"116.13375229057056";"1494.3311167458487";"26377.769432991216"
"344";"1610.4648690364193";"109.90737263746269";"1500.5574963989566";"24877.21193659226"
"345";"1610.4648690364193";"103.65504973580028";"1506.809819300619";"23370.40211729164"
"346";"1610.4648690364193";"97.37667548871468";"1513.0881935477046";"21857.313923743935"
"347";"1610.4648690364193";"91.07214134893366";"1519.3927276874856";"20337.92119605645"
"348";"1610.4648690364193";"84.74133831690051";"1525.7235307195187";"18812.19766533693"
"349";"1610.4648690364193";"78.3841569389042";"1532.080712097515";"17280.116953239416"
"350";"1610.4648690364193";"72.00048730516573";"1538.4643817312535";"15741.652571508163"
"351";"1610.4648690364193";"65.59021904795009";"1544.8746499884692";"14196.777921519693"
"352";"1610.4648690364193";"59.15324133966533";"1551.311627696754";"12645.46629382294"
"353";"1610.4648690364193";"52.68944289092906";"1557.7754261454902";"11087.69086767745"
"354";"1610.4648690364193";"46.19871194865664";"1564.2661570877626";"9523.424710589687"
"355";"1610.4648690364193";"39.68093629412397";"1570.7839327422953";"7952.640777847391"
"356";"1610.4648690364193";"33.13600324103027";"1577.328865795389";"6375.311912052002"
"357";"1610.4648690364193";"26.563799633549934";"1583.9010694028693";"4791.410842649133"
"358";"1610.4648690364193";"19.964211844371675";"1590.5006571920476";"3200.9101854570854"
"359";"1610.4648690364193";"13.337125772737636";"1597.1277432636816";"1603.7824421934038"
"360";"1610.4648690364193";"6.682426842472523";"1603.7824421939467";"0"